name,positive
1811062_IMG005x024_38.png,1
1903589_IMG036x024_11.png,0
1811062_IMG005x019_36.png,0
1811150_IMG032x021_6.png,0
1903589_IMG036x024_6.png,0
1903589_IMG034x027_28.png,0
1903589_IMG036x025_48.png,0
1811062_IMG006x018_36.png,1
1811150_IMG032x021_15.png,1
1903589_IMG033x027_26.png,0
1811150_IMG033x034_29.png,1
1811062_IMG005x024_9.png,0
1811062_IMG006x018_78.png,1
1903589_IMG036x024_7.png,0
1811062_IMG005x019_13.png,1
1903589_IMG033x025_16.png,0
1811150_IMG034x019_7.png,0
1811062_IMG007x031_24.png,0
1811062_IMG005x024_36.png,0
1903589_IMG036x024_12.png,0
1903589_IMG034x027_41.png,0
1903589_IMG036x024_20.png,0
1811150_IMG033x031_15.png,1
1903589_IMG034x010_27.png,0
1903589_IMG036x025_40.png,0
1903589_IMG036x024_13.png,0
1903589_IMG033x025_5.png,0
1811062_IMG005x024_25.png,0
1903589_IMG036x025_2.png,0
1903589_IMG036x025_53.png,0
1811150_IMG033x034_27.png,1
1903589_IMG033x021_33.png,0
1811150_IMG034x019_21.png,0
1903589_IMG034x020_6.png,0
1903589_IMG036x024_33.png,0
1903589_IMG036x024_76.png,0
1811062_IMG010x014_29.png,0
1811062_IMG008x013_51.png,0
1903589_IMG034x010_15.png,0
1903589_IMG036x024_37.png,0
1903589_IMG033x021_37.png,0
1903589_IMG035x017_5.png,0
1903589_IMG034x027_7.png,0
1903589_IMG033x027_4.png,0
1811150_IMG032x021_20.png,0
1811062_IMG008x013_82.png,0
1811062_IMG006x018_16.png,0
1903589_IMG036x025_4.png,0
1811062_IMG010x014_26.png,0
1903589_IMG036x024_25.png,0
1903589_IMG033x021_36.png,0
1811062_IMG008x013_31.png,1
1903589_IMG033x025_11.png,0
1903589_IMG033x027_8.png,0
1903589_IMG033x025_3.png,0
1811062_IMG005x024_39.png,1
1811062_IMG006x018_73.png,1
1903589_IMG036x025_49.png,0
1903589_IMG036x025_27.png,0
1903589_IMG034x010_25.png,0
1903589_IMG033x021_2.png,0
1903589_IMG033x021_22.png,1
1903589_IMG036x024_7.png,0
1903589_IMG036x025_71.png,0
1903589_IMG036x024_71.png,0
1811062_IMG010x014_25.png,1
1811062_IMG008x013_52.png,0
1903589_IMG036x024_77.png,0
1811150_IMG033x034_17.png,1
1903589_IMG036x024_24.png,0
1811062_IMG006x018_6.png,1
1811062_IMG006x018_61.png,0
1903589_IMG035x017_3.png,0
1903589_IMG034x010_22.png,0
1811062_IMG005x024_53.png,0
1811150_IMG032x021_19.png,0
1811150_IMG034x019_20.png,1
1903589_IMG034x010_28.png,0
1811150_IMG034x019_9.png,0
1903589_IMG033x021_52.png,0
1903589_IMG036x024_18.png,0
1811062_IMG005x024_32.png,0
1903589_IMG034x010_61.png,0
1903589_IMG036x025_54.png,0
1811062_IMG005x019_2.png,1
1811150_IMG034x019_24.png,1
1903589_IMG036x025_82.png,0
1903589_IMG036x024_9.png,0
1811062_IMG005x024_61.png,1
1811062_IMG005x024_48.png,0
1811062_IMG005x024_50.png,0
1903589_IMG036x024_38.png,0
1903589_IMG036x025_72.png,0
1811150_IMG033x034_8.png,0
1811150_IMG032x021_24.png,0
1811062_IMG005x019_12.png,0
1903589_IMG034x010_20.png,0
1903589_IMG034x010_38.png,0
1811062_IMG005x024_18.png,1
1811062_IMG010x014_11.png,0
1903589_IMG035x017_29.png,0
1811150_IMG032x021_1.png,1
1811062_IMG005x024_40.png,0
1903589_IMG033x027_23.png,0
1811062_IMG005x024_65.png,1
1903589_IMG034x010_8.png,0
1811150_IMG032x021_10.png,0
1811062_IMG007x031_5.png,0
1903589_IMG036x025_24.png,0
1903589_IMG035x017_50.png,0
1811062_IMG006x018_12.png,0
1811062_IMG006x018_46.png,0
1811062_IMG008x013_80.png,0
1811062_IMG006x018_32.png,0
1903589_IMG036x025_10.png,0
1811062_IMG005x019_46.png,1
1903589_IMG036x025_19.png,0
1903589_IMG034x027_30.png,0
1811150_IMG032x021_5.png,1
1811062_IMG007x003_4.png,1
1811062_IMG006x018_51.png,1
1811062_IMG008x013_18.png,1
1811062_IMG005x019_49.png,0
1903589_IMG034x020_36.png,0
1903589_IMG036x024_23.png,0
1903589_IMG035x017_18.png,0
1811062_IMG006x018_34.png,1
1903589_IMG034x010_7.png,0
1903589_IMG034x010_40.png,0
1811062_IMG005x024_55.png,1
1811062_IMG005x019_10.png,0
1903589_IMG036x024_46.png,0
1811062_IMG006x018_15.png,1
1811062_IMG006x018_62.png,0
1903589_IMG036x025_51.png,0
1811062_IMG008x013_57.png,1
1811062_IMG007x031_22.png,1
1811062_IMG005x024_85.png,0
1903589_IMG033x021_27.png,1
1811062_IMG006x018_40.png,1
1903589_IMG033x021_34.png,0
1903589_IMG033x021_29.png,0
1903589_IMG034x010_26.png,0
1811062_IMG010x014_32.png,0
1903589_IMG036x024_36.png,0
1903589_IMG036x024_3.png,0
1811062_IMG006x018_53.png,0
1811150_IMG033x031_21.png,1
1811062_IMG008x013_48.png,1
1903589_IMG033x027_19.png,0
1811062_IMG008x013_13.png,1
1903589_IMG035x017_15.png,0
1903589_IMG033x027_14.png,0
1903589_IMG034x010_46.png,0
1811062_IMG005x024_89.png,1
1811062_IMG005x024_82.png,1
1811150_IMG033x034_32.png,1
1903589_IMG036x024_15.png,0
1811062_IMG008x013_95.png,1
1903589_IMG036x024_26.png,0
1811150_IMG034x019_6.png,1
1903589_IMG034x027_25.png,0
1903589_IMG036x024_78.png,0
1903589_IMG034x027_27.png,0
1811062_IMG008x013_94.png,1
1811062_IMG008x013_70.png,1
1811062_IMG005x019_30.png,0
1811062_IMG006x018_71.png,1
1903589_IMG036x025_52.png,0
1903589_IMG033x027_28.png,0
1811062_IMG007x031_3.png,1
1811062_IMG005x019_1.png,0
1903589_IMG034x027_19.png,0
1811150_IMG029x028_18.png,0
1903589_IMG033x021_56.png,0
1811062_IMG008x013_97.png,0
1811062_IMG006x018_27.png,0
1811062_IMG005x024_35.png,1
1811062_IMG007x031_30.png,1
1903589_IMG036x024_51.png,0
1811062_IMG005x024_14.png,1
1811150_IMG033x034_3.png,1
1903589_IMG034x020_42.png,0
1903589_IMG034x010_6.png,0
1811062_IMG008x013_61.png,0
1903589_IMG034x010_41.png,0
1903589_IMG035x017_34.png,0
1811062_IMG005x019_58.png,0
1811062_IMG005x019_62.png,1
1903589_IMG036x024_58.png,0
1903589_IMG034x020_35.png,0
1903589_IMG033x025_14.png,0
1811062_IMG008x013_98.png,0
1903589_IMG034x010_4.png,0
1811150_IMG029x028_7.png,1
1903589_IMG034x027_48.png,0
1811062_IMG005x019_52.png,0
1903589_IMG034x010_44.png,0
1903589_IMG036x024_55.png,0
1811062_IMG005x019_33.png,1
1903589_IMG034x027_26.png,0
1811062_IMG010x014_2.png,0
1903589_IMG036x025_74.png,0
1903589_IMG034x010_19.png,0
1811062_IMG005x024_56.png,0
1811062_IMG010x014_13.png,0
1903589_IMG034x020_27.png,0
1903589_IMG035x017_17.png,0
1903589_IMG036x025_9.png,0
1903589_IMG036x024_25.png,0
1811062_IMG008x013_75.png,0
1811062_IMG008x013_44.png,1
1811062_IMG005x024_52.png,1
1811150_IMG034x019_5.png,0
1903589_IMG036x025_38.png,0
1811062_IMG006x018_3.png,0
1811150_IMG033x034_31.png,1
1811062_IMG005x024_11.png,1
1811062_IMG005x024_71.png,0
1903589_IMG034x010_30.png,0
1811062_IMG007x003_1.png,1
1811062_IMG006x018_43.png,1
1811062_IMG007x031_4.png,0
1811150_IMG034x019_23.png,1
1903589_IMG034x010_9.png,0
1811150_IMG033x034_13.png,1
1811150_IMG033x031_6.png,1
1811062_IMG005x024_67.png,1
1811062_IMG006x018_49.png,0
1811150_IMG032x021_23.png,0
1903589_IMG034x027_35.png,0
1811062_IMG005x024_15.png,1
1811062_IMG005x019_27.png,0
1811062_IMG007x031_9.png,1
1811062_IMG008x013_62.png,1
1903589_IMG036x025_11.png,0
1903589_IMG036x024_5.png,0
1811062_IMG005x019_7.png,0
1811150_IMG029x028_23.png,1
1903589_IMG036x025_59.png,0
1903589_IMG036x024_15.png,0
1903589_IMG034x020_11.png,0
1903589_IMG035x017_49.png,0
1811062_IMG008x013_41.png,1
1811150_IMG033x034_6.png,1
1811062_IMG007x031_38.png,0
1811062_IMG008x013_29.png,0
1903589_IMG036x024_50.png,0
1811150_IMG033x034_24.png,1
1903589_IMG036x025_20.png,0
1903589_IMG036x024_1.png,0
1903589_IMG036x024_9.png,0
1811062_IMG006x018_75.png,1
1903589_IMG033x021_39.png,0
1811062_IMG010x014_8.png,0
1903589_IMG036x025_8.png,0
1903589_IMG033x027_5.png,0
1811150_IMG033x034_11.png,1
1811150_IMG029x028_11.png,0
1903589_IMG033x025_30.png,0
1903589_IMG033x025_7.png,0
1811150_IMG033x031_18.png,0
1903589_IMG036x024_19.png,0
1811062_IMG008x013_59.png,0
1903589_IMG033x027_21.png,0
1903589_IMG034x010_62.png,0
1811062_IMG008x013_27.png,1
1811062_IMG005x024_20.png,1
1903589_IMG036x024_43.png,0
1903589_IMG034x020_17.png,0
1903589_IMG033x021_19.png,0
1811062_IMG008x013_89.png,0
1903589_IMG034x010_12.png,0
1903589_IMG036x025_17.png,0
1811062_IMG005x019_26.png,0
1903589_IMG033x027_37.png,0
1903589_IMG034x020_13.png,0
1903589_IMG035x017_56.png,0
1811062_IMG005x019_53.png,1
1903589_IMG036x025_7.png,0
1811150_IMG033x031_19.png,1
1811062_IMG006x018_24.png,1
1811062_IMG008x013_16.png,0
1811062_IMG006x018_5.png,0
1811062_IMG008x013_19.png,1
1811062_IMG005x024_8.png,0
1811062_IMG005x024_27.png,0
1903589_IMG033x021_40.png,0
1811062_IMG006x018_25.png,1
1903589_IMG035x031_1.png,0
1811062_IMG005x024_84.png,0
1903589_IMG035x017_16.png,0
1811062_IMG006x018_56.png,0
1903589_IMG034x027_10.png,0
1811150_IMG033x031_4.png,1
1903589_IMG036x025_1.png,0
1811150_IMG029x028_22.png,1
1903589_IMG033x025_6.png,0
1903589_IMG034x020_23.png,0
1811062_IMG007x031_21.png,0
1903589_IMG034x010_21.png,0
1811062_IMG005x019_17.png,1
1811150_IMG033x034_2.png,1
1903589_IMG036x024_35.png,0
1903589_IMG035x017_1.png,0
1811062_IMG005x024_73.png,0
1811062_IMG006x018_38.png,0
1811062_IMG005x019_20.png,0
1811062_IMG007x031_20.png,0
1903589_IMG033x025_25.png,0
1903589_IMG033x021_45.png,0
1811062_IMG005x019_65.png,1
1903589_IMG033x021_20.png,0
1811150_IMG033x031_1.png,1
1903589_IMG036x024_20.png,0
1903589_IMG036x024_41.png,0
1811062_IMG006x018_84.png,0
1811062_IMG005x024_79.png,1
1903589_IMG036x024_72.png,0
1903589_IMG033x025_19.png,0
1811150_IMG034x019_19.png,1
1903589_IMG036x025_61.png,0
1811062_IMG006x018_8.png,0
1903589_IMG033x025_22.png,0
1811150_IMG029x028_10.png,0
1811062_IMG008x013_7.png,0
1903589_IMG033x021_6.png,1
1811150_IMG033x034_36.png,1
1811150_IMG029x028_1.png,0
1903589_IMG036x024_6.png,0
1903589_IMG034x010_24.png,0
1811062_IMG010x014_31.png,0
1811062_IMG005x024_10.png,0
1903589_IMG036x024_45.png,0
1811062_IMG006x018_44.png,0
1811062_IMG008x013_47.png,1
1811062_IMG008x013_91.png,1
1811150_IMG033x034_26.png,1
1903589_IMG035x017_43.png,0
1903589_IMG033x021_49.png,0
1811062_IMG005x024_28.png,0
1903589_IMG034x020_33.png,0
1811062_IMG005x024_49.png,1
1903589_IMG034x027_42.png,0
1811062_IMG008x013_68.png,0
1903589_IMG034x020_8.png,0
1903589_IMG034x020_26.png,0
1811150_IMG033x034_20.png,0
1811062_IMG005x024_31.png,0
1811062_IMG010x014_6.png,1
1903589_IMG036x024_10.png,0
1811062_IMG008x013_36.png,1
1811062_IMG007x031_33.png,0
1811062_IMG005x024_64.png,1
1903589_IMG036x024_1.png,0
1903589_IMG034x027_33.png,0
1811062_IMG005x024_80.png,0
1903589_IMG034x027_17.png,0
1811062_IMG005x019_28.png,0
1811062_IMG006x018_50.png,0
1811062_IMG008x013_56.png,0
1811062_IMG005x019_51.png,1
1903589_IMG034x027_5.png,0
1903589_IMG034x010_37.png,0
1811062_IMG006x018_39.png,1
1811062_IMG006x018_30.png,0
1811150_IMG034x019_25.png,1
1811062_IMG008x013_90.png,0
1811150_IMG033x031_25.png,1
1811062_IMG005x024_74.png,0
1811062_IMG006x018_72.png,1
1811062_IMG005x019_31.png,1
1903589_IMG034x010_51.png,0
1811062_IMG007x031_18.png,0
1811062_IMG005x024_72.png,0
1811062_IMG005x019_66.png,1
1903589_IMG035x017_54.png,0
1903589_IMG034x020_14.png,0
1903589_IMG033x021_48.png,0
1903589_IMG036x024_23.png,0
1811062_IMG005x019_9.png,1
1903589_IMG034x020_39.png,0
1811062_IMG007x003_2.png,1
1903589_IMG036x024_64.png,0
1903589_IMG034x020_22.png,0
1811062_IMG005x019_19.png,1
1811150_IMG032x021_7.png,1
1811062_IMG005x019_22.png,0
1811062_IMG007x031_34.png,1
1903589_IMG033x021_35.png,0
1903589_IMG036x024_21.png,0
1903589_IMG034x020_29.png,0
1811062_IMG007x031_2.png,1
1811062_IMG006x018_48.png,1
1903589_IMG036x025_33.png,0
1903589_IMG033x025_10.png,0
1903589_IMG035x017_7.png,0
1903589_IMG035x017_33.png,0
1903589_IMG036x025_18.png,0
1811062_IMG005x019_55.png,0
1811062_IMG007x031_39.png,1
1811062_IMG005x019_18.png,0
1903589_IMG034x027_9.png,0
1903589_IMG034x010_3.png,0
1811062_IMG005x019_8.png,0
1811062_IMG008x013_46.png,1
1903589_IMG033x021_32.png,0
1903589_IMG036x025_70.png,0
1903589_IMG036x024_8.png,0
1811062_IMG005x019_5.png,1
1811150_IMG033x031_5.png,1
1811062_IMG010x014_24.png,1
1903589_IMG034x020_40.png,0
1811062_IMG005x019_39.png,1
1811062_IMG008x013_81.png,1
1903589_IMG036x024_73.png,0
1903589_IMG036x025_15.png,0
1903589_IMG035x017_35.png,0
1903589_IMG033x027_32.png,0
1903589_IMG036x024_44.png,0
1811062_IMG005x024_13.png,1
1811150_IMG033x034_21.png,1
1811062_IMG008x013_74.png,0
1811062_IMG006x018_2.png,1
1903589_IMG034x010_56.png,0
1903589_IMG034x027_11.png,0
1903589_IMG034x020_7.png,0
1811150_IMG033x031_12.png,1
1903589_IMG034x020_16.png,0
1903589_IMG036x024_42.png,0
1903589_IMG036x024_63.png,0
1903589_IMG033x027_35.png,0
1811062_IMG005x024_87.png,0
1903589_IMG033x021_4.png,0
1903589_IMG034x020_15.png,1
1903589_IMG036x024_74.png,0
1903589_IMG034x020_4.png,0
1811062_IMG006x018_57.png,0
1903589_IMG033x021_12.png,1
1811150_IMG034x019_13.png,0
1903589_IMG033x021_51.png,1
1903589_IMG034x020_9.png,0
1811150_IMG033x034_38.png,1
1903589_IMG035x017_51.png,0
1903589_IMG034x027_21.png,0
1811062_IMG006x018_10.png,1
1811150_IMG033x034_9.png,1
1811062_IMG005x024_47.png,0
1903589_IMG035x017_25.png,0
1903589_IMG033x021_17.png,1
1811150_IMG029x028_25.png,1
1811062_IMG005x019_29.png,0
1903589_IMG034x027_8.png,0
1811150_IMG033x031_23.png,1
1903589_IMG034x020_31.png,0
1811062_IMG008x013_11.png,1
1903589_IMG034x010_33.png,0
1811062_IMG005x019_47.png,0
1811062_IMG008x013_54.png,0
1811062_IMG006x018_81.png,0
1903589_IMG035x017_4.png,0
1811062_IMG006x018_28.png,0
1811150_IMG033x034_44.png,1
1811150_IMG033x034_30.png,1
1903589_IMG033x021_43.png,0
1903589_IMG036x025_6.png,0
1903589_IMG033x025_8.png,0
1903589_IMG034x020_2.png,0
1811062_IMG008x013_92.png,1
1811062_IMG005x019_60.png,1
1811062_IMG006x018_47.png,1
1903589_IMG036x024_11.png,0
1811062_IMG005x024_58.png,0
1811062_IMG008x013_28.png,1
1811150_IMG032x021_13.png,0
1903589_IMG034x020_20.png,0
1811150_IMG034x019_4.png,1
1903589_IMG034x027_12.png,0
1811062_IMG007x031_27.png,1
1811062_IMG008x013_96.png,0
1903589_IMG036x025_50.png,0
1903589_IMG033x027_30.png,0
1903589_IMG033x027_27.png,0
1903589_IMG036x025_56.png,0
1811062_IMG007x031_16.png,0
1903589_IMG033x027_31.png,0
1903589_IMG034x010_58.png,0
1903589_IMG033x025_28.png,0
1811150_IMG034x019_17.png,1
1903589_IMG036x025_55.png,0
1811150_IMG033x031_10.png,1
1811150_IMG033x031_13.png,1
1903589_IMG033x025_29.png,0
1811150_IMG033x034_34.png,1
1811062_IMG005x019_43.png,0
1903589_IMG036x024_16.png,0
1811062_IMG008x013_60.png,1
1903589_IMG036x024_30.png,0
1903589_IMG036x024_65.png,0
1811062_IMG008x013_21.png,0
1903589_IMG033x021_38.png,0
1903589_IMG036x024_48.png,0
1903589_IMG034x020_34.png,0
1903589_IMG036x025_63.png,0
1811150_IMG033x031_31.png,1
1903589_IMG033x021_44.png,0
1811062_IMG008x013_49.png,0
1811062_IMG005x024_70.png,1
1811150_IMG034x019_8.png,0
1811150_IMG033x031_16.png,1
1903589_IMG034x027_39.png,0
1811062_IMG006x018_82.png,1
1811062_IMG006x018_23.png,0
1903589_IMG034x027_3.png,0
1811150_IMG032x021_12.png,0
1903589_IMG034x010_11.png,0
1903589_IMG034x027_44.png,1
1903589_IMG033x021_21.png,0
1811062_IMG008x013_55.png,0
1811150_IMG033x034_37.png,0
1903589_IMG035x017_48.png,0
1811150_IMG033x034_45.png,1
1811062_IMG006x018_4.png,0
1811150_IMG029x028_24.png,1
1903589_IMG035x017_38.png,0
1903589_IMG036x025_85.png,0
1811062_IMG008x013_93.png,0
1903589_IMG035x017_20.png,0
1903589_IMG036x024_59.png,0
1903589_IMG033x021_15.png,0
1811062_IMG005x019_24.png,0
1811062_IMG008x013_84.png,0
1903589_IMG034x010_10.png,0
1903589_IMG034x020_32.png,0
1903589_IMG033x027_24.png,0
1811062_IMG008x013_53.png,1
1811062_IMG007x031_26.png,1
1811062_IMG005x019_42.png,1
1903589_IMG036x025_28.png,0
1811062_IMG005x024_59.png,0
1903589_IMG035x017_6.png,0
1811062_IMG008x013_76.png,0
1811062_IMG006x018_33.png,1
1903589_IMG036x024_39.png,0
1811150_IMG033x034_23.png,0
1903589_IMG033x027_11.png,0
1811062_IMG008x013_100.png,0
1811062_IMG010x014_27.png,0
1811062_IMG005x024_5.png,0
1903589_IMG036x024_4.png,0
1811150_IMG033x031_30.png,1
1903589_IMG034x010_29.png,0
1811062_IMG006x018_59.png,0
1903589_IMG033x021_59.png,0
1903589_IMG036x025_14.png,0
1903589_IMG036x024_10.png,0
1811062_IMG010x014_16.png,1
1811062_IMG010x014_1.png,1
1811150_IMG034x019_2.png,0
1903589_IMG034x010_45.png,0
1903589_IMG034x010_64.png,0
1811062_IMG010x014_35.png,1
1903589_IMG036x024_19.png,0
1811062_IMG006x018_66.png,1
1903589_IMG034x010_13.png,0
1903589_IMG036x024_24.png,0
1903589_IMG034x027_1.png,0
1903589_IMG034x020_24.png,0
1811062_IMG005x024_30.png,1
1903589_IMG036x024_66.png,0
1811062_IMG006x018_76.png,0
1903589_IMG033x021_31.png,0
1903589_IMG036x024_2.png,0
1811062_IMG005x019_11.png,1
1811062_IMG005x019_15.png,1
1811150_IMG032x021_8.png,0
1903589_IMG036x024_34.png,0
1903589_IMG036x024_13.png,0
1903589_IMG033x025_24.png,0
1903589_IMG034x020_38.png,0
1903589_IMG033x025_1.png,0
1903589_IMG035x017_24.png,0
1811062_IMG006x018_7.png,0
1903589_IMG036x025_29.png,0
1811062_IMG005x019_32.png,0
1903589_IMG033x027_18.png,0
1903589_IMG035x028_2.png,0
1811062_IMG010x014_17.png,0
1811062_IMG005x024_88.png,0
1903589_IMG036x024_56.png,0
1903589_IMG033x027_16.png,0
1811062_IMG008x013_99.png,0
1903589_IMG033x021_25.png,0
1903589_IMG035x017_26.png,0
1811062_IMG005x024_63.png,1
1903589_IMG034x010_16.png,0
1811062_IMG008x013_63.png,0
1811062_IMG005x024_4.png,1
1903589_IMG036x025_45.png,0
1903589_IMG034x010_47.png,0
1903589_IMG036x025_44.png,0
1811150_IMG033x034_40.png,1
1903589_IMG036x024_27.png,0
1903589_IMG034x010_57.png,0
1811062_IMG006x018_67.png,1
1903589_IMG034x010_14.png,0
1811062_IMG008x013_17.png,0
1811150_IMG032x021_17.png,1
1811062_IMG007x003_3.png,1
1903589_IMG034x027_24.png,0
1811062_IMG006x018_20.png,1
1811062_IMG007x031_36.png,0
1811150_IMG029x028_6.png,0
1903589_IMG034x027_31.png,0
1811150_IMG033x034_25.png,1
1903589_IMG035x017_57.png,0
1903589_IMG036x024_4.png,0
1903589_IMG033x027_3.png,0
1811062_IMG005x024_37.png,0
1811062_IMG005x024_16.png,0
1811150_IMG032x021_4.png,0
1903589_IMG033x021_11.png,0
1811062_IMG005x024_54.png,0
1811150_IMG029x028_19.png,0
1903589_IMG034x027_38.png,0
1811150_IMG034x019_12.png,1
1903589_IMG036x024_60.png,0
1903589_IMG036x024_75.png,0
1811150_IMG033x034_22.png,1
1903589_IMG036x024_14.png,0
1903589_IMG033x027_6.png,0
1811150_IMG033x034_28.png,1
1811150_IMG029x028_15.png,0
1811062_IMG010x014_14.png,0
1811062_IMG005x019_25.png,0
1903589_IMG033x021_42.png,0
1903589_IMG033x021_58.png,0
1811150_IMG032x021_25.png,1
1903589_IMG033x025_23.png,0
1903589_IMG036x025_23.png,0
1903589_IMG035x017_8.png,0
1903589_IMG036x024_68.png,0
1811062_IMG008x013_10.png,1
1811062_IMG005x024_60.png,1
1903589_IMG033x021_14.png,0
1903589_IMG036x024_61.png,0
1903589_IMG036x024_57.png,0
1811062_IMG008x013_9.png,0
1903589_IMG034x010_52.png,0
1811062_IMG008x013_78.png,0
1811062_IMG010x014_9.png,0
1903589_IMG035x017_31.png,0
1903589_IMG036x025_16.png,0
1903589_IMG034x020_18.png,0
1811062_IMG005x024_66.png,0
1811062_IMG007x031_32.png,1
1811062_IMG010x014_30.png,1
1903589_IMG034x020_5.png,0
1903589_IMG034x010_18.png,0
1811062_IMG006x018_9.png,1
1811062_IMG006x018_26.png,0
1903589_IMG036x025_47.png,0
1903589_IMG034x020_1.png,0
1811062_IMG008x013_1.png,0
1811150_IMG033x031_28.png,1
1811062_IMG010x014_20.png,1
1811062_IMG006x018_11.png,1
1903589_IMG035x017_37.png,0
1811062_IMG006x018_70.png,1
1811150_IMG029x028_20.png,1
1811150_IMG033x031_2.png,1
1811150_IMG032x021_16.png,1
1903589_IMG035x017_9.png,0
1811150_IMG032x021_3.png,1
1811062_IMG008x013_102.png,1
1903589_IMG033x021_24.png,0
1811062_IMG005x019_3.png,1
1811062_IMG008x013_64.png,0
1811150_IMG033x031_7.png,1
1903589_IMG033x027_15.png,0
1811062_IMG007x031_13.png,0
1811062_IMG005x024_76.png,1
1903589_IMG033x025_26.png,0
1903589_IMG036x024_8.png,0
1903589_IMG036x025_13.png,0
1811150_IMG029x028_5.png,0
1903589_IMG035x017_32.png,0
1811062_IMG005x024_57.png,1
1811062_IMG010x014_12.png,1
1903589_IMG036x025_76.png,0
1811062_IMG005x019_48.png,0
1903589_IMG033x021_5.png,0
1903589_IMG036x025_79.png,0
1903589_IMG035x017_28.png,0
1811062_IMG008x013_42.png,0
1903589_IMG034x020_25.png,0
1903589_IMG033x027_17.png,0
1811150_IMG029x028_4.png,0
1811062_IMG008x013_58.png,0
1903589_IMG033x021_23.png,0
1903589_IMG034x020_28.png,0
1811062_IMG005x024_22.png,0
1903589_IMG036x024_21.png,0
1903589_IMG033x025_13.png,0
1903589_IMG035x017_27.png,0
1903589_IMG033x021_16.png,0
1811062_IMG005x024_21.png,0
1811150_IMG034x019_1.png,0
1903589_IMG034x027_37.png,0
1903589_IMG036x025_32.png,0
1811150_IMG029x028_2.png,0
1811150_IMG033x034_39.png,1
1811062_IMG005x019_21.png,1
1903589_IMG033x025_18.png,0
1811062_IMG008x013_20.png,1
1903589_IMG034x010_39.png,0
1903589_IMG035x017_42.png,0
1903589_IMG036x025_62.png,0
1903589_IMG036x025_87.png,0
1811062_IMG005x019_50.png,0
1903589_IMG033x027_13.png,0
1903589_IMG036x025_37.png,0
1903589_IMG034x010_54.png,0
1903589_IMG036x025_84.png,0
1811062_IMG008x013_26.png,0
1811062_IMG008x013_66.png,0
1811062_IMG008x013_73.png,0
1903589_IMG033x021_46.png,0
1811062_IMG008x013_86.png,0
1903589_IMG033x021_57.png,0
1811062_IMG006x018_74.png,0
1903589_IMG034x027_46.png,0
1903589_IMG036x025_41.png,0
1903589_IMG033x025_9.png,0
1903589_IMG035x017_10.png,0
1811062_IMG008x013_88.png,0
1811062_IMG006x018_69.png,1
1811150_IMG029x028_17.png,0
1811062_IMG005x024_29.png,0
1811062_IMG005x019_59.png,0
1811062_IMG005x024_51.png,0
1811062_IMG010x014_19.png,0
1811062_IMG007x031_25.png,0
1903589_IMG036x025_66.png,0
1903589_IMG036x024_17.png,0
1811062_IMG006x018_52.png,1
1903589_IMG035x017_30.png,0
1811062_IMG005x019_37.png,0
1811150_IMG033x031_3.png,1
1811150_IMG033x031_11.png,1
1811150_IMG032x021_2.png,0
1811062_IMG007x031_31.png,0
1811150_IMG029x028_28.png,1
1903589_IMG036x025_3.png,0
1811150_IMG033x031_32.png,0
1811062_IMG005x019_16.png,0
1903589_IMG034x010_17.png,1
1903589_IMG034x027_34.png,0
1811150_IMG032x021_14.png,1
1903589_IMG036x025_78.png,0
1903589_IMG036x024_12.png,0
1811062_IMG008x013_67.png,0
1903589_IMG033x027_1.png,0
1903589_IMG033x025_2.png,0
1903589_IMG033x025_15.png,0
1903589_IMG033x027_29.png,0
1811062_IMG005x019_6.png,0
1903589_IMG036x025_64.png,0
1811062_IMG007x031_35.png,0
1811062_IMG006x018_63.png,0
1903589_IMG036x024_31.png,0
1903589_IMG034x010_2.png,0
1811062_IMG007x031_1.png,1
1903589_IMG035x017_45.png,0
1811062_IMG005x024_62.png,0
1903589_IMG034x027_4.png,0
1811150_IMG029x028_14.png,1
1903589_IMG036x024_17.png,0
1903589_IMG035x017_14.png,0
1811150_IMG034x019_16.png,1
1811062_IMG007x031_19.png,0
1903589_IMG036x025_21.png,0
1903589_IMG033x027_25.png,0
1811062_IMG008x013_85.png,0
1903589_IMG036x025_68.png,0
1903589_IMG033x021_55.png,1
1811062_IMG010x014_28.png,1
1811062_IMG005x019_34.png,0
1903589_IMG033x027_10.png,0
1903589_IMG033x021_30.png,0
1811062_IMG008x013_3.png,0
1903589_IMG035x017_46.png,0
1903589_IMG036x025_35.png,0
1811150_IMG029x028_3.png,0
1903589_IMG034x010_59.png,0
1811062_IMG005x024_83.png,1
1811062_IMG007x031_23.png,1
1811062_IMG010x014_33.png,1
1903589_IMG036x024_22.png,0
1811062_IMG008x013_35.png,1
1903589_IMG034x027_40.png,0
1903589_IMG036x025_5.png,0
1811150_IMG034x019_3.png,1
1903589_IMG034x020_12.png,0
1903589_IMG034x027_36.png,0
1903589_IMG034x010_65.png,0
1811062_IMG008x013_33.png,0
1903589_IMG033x027_9.png,0
1903589_IMG033x021_26.png,0
1811062_IMG005x019_63.png,0
1903589_IMG034x027_22.png,0
1811062_IMG010x014_34.png,1
1903589_IMG033x021_41.png,0
1811062_IMG008x013_12.png,0
1811062_IMG007x031_11.png,0
1811150_IMG029x028_27.png,1
1811062_IMG008x013_25.png,1
1811150_IMG033x031_17.png,1
1903589_IMG034x020_37.png,0
1903589_IMG035x017_55.png,0
1811150_IMG033x031_9.png,1
1811062_IMG005x019_67.png,1
1903589_IMG033x021_1.png,1
1903589_IMG034x010_66.png,1
1811062_IMG010x014_15.png,1
1903589_IMG034x027_20.png,0
1811062_IMG006x018_79.png,0
1903589_IMG033x021_13.png,0
1903589_IMG033x027_20.png,0
1811062_IMG008x013_22.png,0
1903589_IMG033x021_47.png,0
1903589_IMG036x024_29.png,0
1811062_IMG005x024_24.png,0
1903589_IMG036x025_12.png,0
1811062_IMG006x018_37.png,1
1811062_IMG008x013_40.png,1
1811062_IMG007x003_6.png,0
1811150_IMG033x034_43.png,1
1811062_IMG005x024_78.png,0
1903589_IMG036x024_69.png,0
1903589_IMG036x025_46.png,0
1811062_IMG005x024_12.png,0
1903589_IMG036x025_65.png,0
1903589_IMG036x024_54.png,0
1903589_IMG033x025_12.png,0
1903589_IMG035x017_19.png,0
1903589_IMG036x025_42.png,0
1811062_IMG008x013_65.png,0
1811062_IMG006x018_58.png,0
1811062_IMG008x013_32.png,1
1811062_IMG005x019_4.png,0
1903589_IMG034x010_23.png,0
1811150_IMG033x034_33.png,1
1903589_IMG034x027_18.png,0
1811062_IMG006x018_22.png,1
1903589_IMG036x025_80.png,0
1903589_IMG034x027_23.png,0
1811062_IMG005x024_6.png,0
1811150_IMG033x034_4.png,1
1811150_IMG032x021_22.png,1
1811062_IMG008x013_24.png,0
1903589_IMG033x021_8.png,0
1811062_IMG005x024_81.png,0
1903589_IMG036x024_40.png,0
1903589_IMG036x025_26.png,0
1811062_IMG008x013_43.png,0
1903589_IMG035x017_52.png,0
1903589_IMG036x025_83.png,0
1811062_IMG007x031_10.png,0
1811062_IMG005x024_69.png,1
1811062_IMG008x013_72.png,0
1811062_IMG005x024_33.png,1
1811062_IMG007x031_28.png,1
1811150_IMG033x034_41.png,1
1903589_IMG034x010_49.png,0
1811062_IMG006x018_64.png,0
1903589_IMG033x025_17.png,0
1811062_IMG006x018_68.png,0
1811062_IMG006x018_83.png,1
1811062_IMG006x018_45.png,1
1903589_IMG033x027_33.png,0
1811150_IMG033x034_19.png,1
1903589_IMG033x025_21.png,0
1903589_IMG033x021_3.png,0
1811062_IMG005x019_23.png,0
1903589_IMG035x017_11.png,0
1811062_IMG005x019_68.png,1
1903589_IMG036x025_81.png,0
1903589_IMG033x021_18.png,0
1811062_IMG008x013_30.png,0
1811150_IMG033x031_8.png,1
1903589_IMG034x010_31.png,0
1811062_IMG006x018_55.png,1
1811062_IMG006x018_13.png,1
1811062_IMG008x013_2.png,0
1811150_IMG033x034_42.png,1
1811150_IMG029x028_16.png,0
1811062_IMG008x013_14.png,1
1811062_IMG007x031_14.png,1
1903589_IMG034x010_36.png,0
1903589_IMG035x028_1.png,0
1811062_IMG007x031_7.png,1
1903589_IMG035x017_41.png,0
1811062_IMG005x019_64.png,0
1811150_IMG033x034_10.png,1
1811062_IMG010x014_22.png,1
1903589_IMG034x010_35.png,0
1903589_IMG036x025_77.png,0
1903589_IMG036x024_70.png,0
1903589_IMG034x020_3.png,0
1811062_IMG007x031_37.png,1
1903589_IMG036x024_52.png,0
1903589_IMG034x027_47.png,0
1811062_IMG005x019_57.png,1
1811062_IMG008x013_79.png,0
1903589_IMG033x025_20.png,0
1811062_IMG006x018_21.png,1
1811062_IMG008x013_23.png,1
1811150_IMG034x019_11.png,1
1903589_IMG036x025_25.png,0
1811150_IMG033x031_26.png,1
1811062_IMG006x018_41.png,1
1903589_IMG036x025_39.png,0
1811062_IMG005x024_42.png,1
1811062_IMG008x013_101.png,1
1811150_IMG029x028_8.png,1
1811062_IMG006x018_1.png,1
1811062_IMG006x018_54.png,0
1811062_IMG006x018_80.png,1
1811150_IMG029x028_13.png,1
1811062_IMG005x024_44.png,0
1903589_IMG035x017_53.png,0
1903589_IMG034x010_63.png,0
1811062_IMG005x019_14.png,1
1811062_IMG006x018_14.png,1
1903589_IMG034x010_55.png,0
1811150_IMG032x021_21.png,0
1811062_IMG010x014_7.png,0
1811062_IMG008x013_38.png,0
1903589_IMG036x024_28.png,0
1811062_IMG007x031_17.png,1
1811150_IMG033x034_14.png,1
1903589_IMG036x025_67.png,0
1811062_IMG006x018_77.png,1
1903589_IMG034x010_1.png,1
1903589_IMG034x027_32.png,0
1811150_IMG032x021_11.png,0
1811062_IMG007x031_12.png,0
1903589_IMG036x024_47.png,0
1811150_IMG033x034_5.png,1
1903589_IMG036x024_2.png,0
1903589_IMG033x027_34.png,0
1903589_IMG034x027_16.png,0
1811062_IMG006x018_60.png,1
1903589_IMG033x027_22.png,0
1903589_IMG034x027_45.png,0
1811062_IMG008x013_6.png,0
1903589_IMG036x025_31.png,0
1903589_IMG035x017_13.png,0
1903589_IMG034x027_6.png,0
1903589_IMG036x025_34.png,0
1903589_IMG036x025_60.png,0
1811150_IMG033x031_20.png,1
1903589_IMG035x017_36.png,0
1903589_IMG034x010_32.png,0
1811150_IMG034x019_22.png,0
1811062_IMG007x031_8.png,0
1903589_IMG035x017_12.png,0
1811150_IMG033x034_7.png,1
1811062_IMG008x013_71.png,1
1903589_IMG035x028_3.png,0
1903589_IMG036x025_36.png,0
1903589_IMG036x025_22.png,0
1811062_IMG005x024_1.png,0
1903589_IMG034x010_48.png,0
1811062_IMG005x024_17.png,0
1903589_IMG034x020_41.png,0
1903589_IMG034x027_43.png,0
1903589_IMG035x017_23.png,0
1811062_IMG005x019_56.png,0
1811062_IMG010x014_3.png,1
1811150_IMG033x034_12.png,1
1811062_IMG005x019_61.png,0
1811062_IMG005x024_34.png,0
1903589_IMG036x024_18.png,0
1811062_IMG005x019_38.png,0
1811150_IMG034x019_10.png,0
1811062_IMG005x024_46.png,1
1903589_IMG033x025_4.png,0
1903589_IMG036x025_57.png,0
1811150_IMG033x031_22.png,0
1811062_IMG005x024_23.png,0
1811062_IMG005x024_7.png,0
1903589_IMG033x027_7.png,0
1811062_IMG005x019_35.png,1
1903589_IMG036x025_73.png,0
1811062_IMG005x024_90.png,0
1811062_IMG006x018_85.png,1
1903589_IMG036x025_86.png,0
1811062_IMG008x013_15.png,1
1903589_IMG034x010_43.png,0
1811062_IMG008x013_50.png,0
1903589_IMG034x010_34.png,0
1903589_IMG035x017_44.png,0
1811062_IMG005x019_40.png,1
1903589_IMG036x024_53.png,0
1811062_IMG005x019_45.png,1
1811150_IMG033x034_16.png,1
1811062_IMG005x024_45.png,0
1811150_IMG034x019_18.png,1
1811150_IMG033x031_29.png,1
1811062_IMG005x019_44.png,0
1811062_IMG006x018_42.png,0
1811062_IMG010x014_5.png,1
1903589_IMG036x024_16.png,0
1811062_IMG008x013_77.png,1
1903589_IMG035x017_21.png,0
1903589_IMG033x021_7.png,0
1811150_IMG029x028_26.png,1
1903589_IMG036x025_43.png,0
1903589_IMG034x020_21.png,0
1903589_IMG035x017_40.png,0
1811062_IMG005x024_77.png,1
1903589_IMG033x027_12.png,0
1811150_IMG033x034_35.png,1
1811062_IMG005x024_75.png,0
1903589_IMG036x024_67.png,0
1903589_IMG033x025_27.png,0
1903589_IMG034x027_2.png,0
1811150_IMG033x031_24.png,0
1811062_IMG007x031_15.png,1
1903589_IMG036x024_22.png,0
1903589_IMG034x020_19.png,0
1811062_IMG010x014_4.png,1
1811062_IMG010x014_18.png,0
1903589_IMG034x027_14.png,0
1811062_IMG007x031_6.png,1
1811062_IMG006x018_18.png,0
1903589_IMG033x021_28.png,0
1903589_IMG036x024_32.png,0
1811062_IMG008x013_45.png,0
1811062_IMG008x013_83.png,0
1811150_IMG034x019_14.png,1
1811062_IMG008x013_39.png,1
1811062_IMG007x031_29.png,1
1903589_IMG034x010_5.png,0
1811062_IMG007x003_7.png,0
1903589_IMG036x024_62.png,0
1811062_IMG005x024_19.png,0
1903589_IMG034x027_29.png,0
1811062_IMG005x024_2.png,0
1811062_IMG008x013_34.png,0
1811150_IMG032x021_18.png,1
1903589_IMG034x010_42.png,0
1811062_IMG006x018_19.png,0
1903589_IMG033x021_50.png,0
1811062_IMG005x024_41.png,1
1903589_IMG033x027_2.png,0
1811062_IMG008x013_69.png,1
1903589_IMG033x021_54.png,0
1903589_IMG034x010_50.png,0
1811062_IMG006x018_31.png,0
1811062_IMG010x014_21.png,0
1903589_IMG034x027_15.png,0
1903589_IMG034x010_60.png,0
1903589_IMG033x021_9.png,0
1903589_IMG035x017_47.png,0
1903589_IMG033x021_10.png,0
1811062_IMG008x013_4.png,0
1903589_IMG036x025_30.png,0
1811062_IMG006x018_65.png,0
1903589_IMG036x024_5.png,0
1903589_IMG035x017_22.png,0
1811150_IMG029x028_12.png,0
1811150_IMG032x021_9.png,1
1903589_IMG034x020_10.png,0
1811150_IMG029x028_9.png,0
1811062_IMG005x024_3.png,0
1811062_IMG005x024_86.png,0
1811150_IMG034x019_15.png,1
1811062_IMG006x018_35.png,1
1903589_IMG036x025_88.png,0
1903589_IMG036x025_58.png,0
1811062_IMG005x024_26.png,0
1811062_IMG010x014_23.png,1
1903589_IMG034x010_53.png,0
1811150_IMG033x031_27.png,1
1811150_IMG033x034_18.png,0
1811062_IMG010x014_10.png,1
1811150_IMG033x034_1.png,1
1811062_IMG008x013_5.png,0
1811062_IMG005x024_68.png,0
1811150_IMG033x034_15.png,0
1903589_IMG034x027_13.png,0
1811062_IMG008x013_87.png,0
1903589_IMG034x020_43.png,1
1811150_IMG033x031_14.png,1
1811062_IMG006x018_29.png,1
1811062_IMG006x018_17.png,0
1903589_IMG036x025_75.png,0
1903589_IMG036x025_69.png,0
1811150_IMG029x028_21.png,1
1903589_IMG035x017_39.png,0
1903589_IMG033x021_53.png,0
1811062_IMG005x024_43.png,1
1903589_IMG035x017_2.png,0
1811062_IMG005x019_41.png,1
1903589_IMG033x027_36.png,0
1903589_IMG036x024_14.png,0
1811150_IMG029x028_29.png,1
1811062_IMG008x013_8.png,0
1903589_IMG034x020_30.png,0
1903589_IMG036x024_49.png,0
1811062_IMG007x003_5.png,1
1903589_IMG036x024_3.png,0
1811062_IMG005x019_54.png,1
1811062_IMG008x013_37.png,1
